
INSERT INTO DEPARTMENT (DEPARTMENT_ID, DEPARTMENT_NAME, ADDRESS) VALUES ('NEU01', 'Snell Library', 'Snell Library');
INSERT INTO DEPARTMENT (DEPARTMENT_ID, DEPARTMENT_NAME, ADDRESS) VALUES ('NEU02', 'CSC', 'Curry Student Centre');
INSERT INTO DEPARTMENT (DEPARTMENT_ID, DEPARTMENT_NAME, ADDRESS) VALUES ('NEU03', 'OGS', 'Richards Hall');
INSERT INTO DEPARTMENT (DEPARTMENT_ID, DEPARTMENT_NAME, ADDRESS) VALUES ('NEU04', 'Dunkins', 'Hayden Hall');
INSERT INTO DEPARTMENT (DEPARTMENT_ID, DEPARTMENT_NAME, ADDRESS) VALUES ('NEU05', 'NRS', 'Cullinane Hall');
INSERT INTO DEPARTMENT (DEPARTMENT_ID, DEPARTMENT_NAME, ADDRESS) VALUES ('NEU06', 'Admissions', 'Snell Engineering Centre');

--Inserting records in Supervisor Table
INSERT INTO SUPERVISOR (EMPLOYEE_ID, FIRST_NAME, LAST_NAME, EMAIL, MOBILE_NUMBER, DEPARTMENT_ID) 
VALUES ('SUP01', 'Michael', 'Brown', 'michael.brown@northeast.edu', 2025550201, 'NEU01');

INSERT INTO SUPERVISOR (EMPLOYEE_ID, FIRST_NAME, LAST_NAME, EMAIL, MOBILE_NUMBER, DEPARTMENT_ID) 
VALUES ('SUP02', 'Laura', 'Wilson', 'laura.wilson@northeast.edu', 2025550202, 'NEU02');

INSERT INTO SUPERVISOR (EMPLOYEE_ID, FIRST_NAME, LAST_NAME, EMAIL, MOBILE_NUMBER, DEPARTMENT_ID) 
VALUES ('SUP03', 'Brian', 'Davis', 'brian.davis@northeast.edu', 2025550203, 'NEU03');

INSERT INTO SUPERVISOR (EMPLOYEE_ID, FIRST_NAME, LAST_NAME, EMAIL, MOBILE_NUMBER, DEPARTMENT_ID) 
VALUES ('SUP04', 'Jessica', 'Taylor', 'jessica.taylor@northeast.edu', 2025550204, 'NEU04');

INSERT INTO SUPERVISOR (EMPLOYEE_ID, FIRST_NAME, LAST_NAME, EMAIL, MOBILE_NUMBER, DEPARTMENT_ID) 
VALUES ('SUP05', 'James', 'Anderson', 'james.anderson@northeast.edu', 2025550205, 'NEU05');

INSERT INTO SUPERVISOR (EMPLOYEE_ID, FIRST_NAME, LAST_NAME, EMAIL, MOBILE_NUMBER, DEPARTMENT_ID) 
VALUES ('SUP06', 'Sarah', 'Martinez', 'sarah.martinez@northeast.edu', 2025550206, 'NEU06');


--Inserting records in Jobs Table
INSERT INTO JOBS (JOB_ID, JOB_NAME, BAND, HOURLY_WAGE, CONTRACT_START_DATE, CONTRACT_END_DATE, EMPLOYEE_ID) 
VALUES ('J001', 'Library Assistant', 'A', 17, TO_DATE('2023-11-01', 'YYYY-MM-DD'), TO_DATE('2023-12-31', 'YYYY-MM-DD'), 'SUP01');

INSERT INTO JOBS (JOB_ID, JOB_NAME, BAND, HOURLY_WAGE, CONTRACT_START_DATE, CONTRACT_END_DATE, EMPLOYEE_ID) 
VALUES ('J002', 'Receptionist', 'B', 16, TO_DATE('2023-11-01', 'YYYY-MM-DD'), TO_DATE('2023-12-31', 'YYYY-MM-DD'), 'SUP02');

INSERT INTO JOBS (JOB_ID, JOB_NAME, BAND, HOURLY_WAGE, CONTRACT_START_DATE, CONTRACT_END_DATE, EMPLOYEE_ID) 
VALUES ('J003', 'GSM Mentor', 'B', 16, TO_DATE('2023-11-01', 'YYYY-MM-DD'), TO_DATE('2023-12-31', 'YYYY-MM-DD'), 'SUP03');

INSERT INTO JOBS (JOB_ID, JOB_NAME, BAND, HOURLY_WAGE, CONTRACT_START_DATE, CONTRACT_END_DATE, EMPLOYEE_ID) 
VALUES ('J004', 'Crew Member', 'A', 17, TO_DATE('2023-11-01', 'YYYY-MM-DD'), TO_DATE('2023-12-31', 'YYYY-MM-DD'), 'SUP04');

INSERT INTO JOBS (JOB_ID, JOB_NAME, BAND, HOURLY_WAGE, CONTRACT_START_DATE, CONTRACT_END_DATE, EMPLOYEE_ID) 
VALUES ('J005', 'RSO', 'C', 15, TO_DATE('2023-11-01', 'YYYY-MM-DD'), TO_DATE('2023-12-31', 'YYYY-MM-DD'), 'SUP05');

INSERT INTO JOBS (JOB_ID, JOB_NAME, BAND, HOURLY_WAGE, CONTRACT_START_DATE, CONTRACT_END_DATE, EMPLOYEE_ID) 
VALUES ('J006', 'FCE', 'C', 15, TO_DATE('2023-11-01', 'YYYY-MM-DD'), TO_DATE('2023-12-31', 'YYYY-MM-DD'), 'SUP06');


INSERT INTO STUDENTS VALUES (006479036, 'Arjun', 'Patel', 'arjun.patel@northeast.edu', 2025550189, '123 Beacon St, Boston, MA', TO_DATE('2023-11-01', 'YYYY-MM-DD'), 123456789101);
INSERT INTO STUDENTS VALUES (001538793, 'Priya', 'Gupta', 'priya.gupta@northeast.edu', 2025550143, '456 Newbury St, Boston, MA', TO_DATE('2023-11-01', 'YYYY-MM-DD'), 234567891012);
INSERT INTO STUDENTS VALUES (009714722, 'Ravi', 'Kumar', 'ravi.kumar@northeast.edu', 2025550167, '789 Tremont St, Boston, MA', TO_DATE('2023-11-01', 'YYYY-MM-DD'), 345678910123);
INSERT INTO STUDENTS VALUES (005837122, 'Anjali', 'Singh', 'anjali.singh@northeast.edu', 2025550198, '321 Dorchester Ave, Boston, MA', TO_DATE('2023-11-01', 'YYYY-MM-DD'), 456789101234);
INSERT INTO STUDENTS VALUES (003278356, 'Nikhil', 'Sharma', 'nikhil.sharma@northeast.edu', 2025550125, '654 Boylston St, Boston, MA', TO_DATE('2023-11-01', 'YYYY-MM-DD'), 567891012345);
INSERT INTO STUDENTS VALUES (001201969, 'Deepika', 'Joshi', 'deepika.joshi@northeast.edu', 2025550171, '987 Commonwealth Ave, Boston, MA', TO_DATE('2023-11-01', 'YYYY-MM-DD'), 678910123456);
INSERT INTO STUDENTS VALUES (001885843, 'Vivek', 'Mehta', 'vivek.mehta@northeast.edu', 2025550139, '159 State St, Boston, MA', TO_DATE('2023-11-01', 'YYYY-MM-DD'), 789101234567);
INSERT INTO STUDENTS VALUES (005621792, 'Neha', 'Iyer', 'neha.iyer@northeast.edu', 2025550156, '432 Charles St, Boston, MA', TO_DATE('2023-11-01', 'YYYY-MM-DD'), 891012345678);
INSERT INTO STUDENTS VALUES (006374702, 'Suresh', 'Reddy', 'suresh.reddy@northeast.edu', 2025550112, '213 Hanover St, Boston, MA', TO_DATE('2023-11-01', 'YYYY-MM-DD'), 910123456789);
INSERT INTO STUDENTS VALUES (002051359, 'Kavita', 'Nair', 'kavita.nair@northeast.edu', 2025550184, '678 Massachusetts Ave, Boston, MA', TO_DATE('2023-10-01', 'YYYY-MM-DD'), 101234567890);


-- Inserting records into STUDENT_JOBS
INSERT INTO STUDENT_JOBS (NU_ID, JOB_ID) VALUES (006479036, 'J001');
INSERT INTO STUDENT_JOBS (NU_ID, JOB_ID) VALUES (001538793, 'J002');
INSERT INTO STUDENT_JOBS (NU_ID, JOB_ID) VALUES (009714722, 'J003');
INSERT INTO STUDENT_JOBS (NU_ID, JOB_ID) VALUES (005837122, 'J004');
INSERT INTO STUDENT_JOBS (NU_ID, JOB_ID) VALUES (003278356, 'J005');
INSERT INTO STUDENT_JOBS (NU_ID, JOB_ID) VALUES (001201969, 'J006');
INSERT INTO STUDENT_JOBS (NU_ID, JOB_ID) VALUES (001885843, 'J001');
INSERT INTO STUDENT_JOBS (NU_ID, JOB_ID) VALUES (005621792, 'J005');
INSERT INTO STUDENT_JOBS (NU_ID, JOB_ID) VALUES (006374702, 'J005');
INSERT INTO STUDENT_JOBS (NU_ID, JOB_ID) VALUES (002051359, 'J006');










